ecosystem,name,version,license,license_files,scope
Cargo,adler2,2.0.1,0BSD OR MIT OR Apache-2.0,LICENSE-0BSD; LICENSE-APACHE; LICENSE-MIT,aarch64-apple-darwin resolved graph including build dependencies
Cargo,aho-corasick,1.1.5,Unlicense OR MIT,COPYING; LICENSE-MIT,aarch64-apple-darwin resolved graph including build dependencies
Cargo,alloc-no-stdlib,2.0.4,BSD-3-Clause,LICENSE,aarch64-apple-darwin resolved graph including build dependencies
Cargo,alloc-stdlib,0.2.4,BSD-3-Clause,,aarch64-apple-darwin resolved graph including build dependencies
Cargo,anyhow,1.0.104,MIT OR Apache-2.0,LICENSE-APACHE; LICENSE-MIT,aarch64-apple-darwin resolved graph including build dependencies
Cargo,auto-launch,0.5.0,MIT,LICENSE,aarch64-apple-darwin resolved graph including build dependencies
Cargo,autocfg,1.5.1,Apache-2.0 OR MIT,LICENSE-APACHE; LICENSE-MIT,aarch64-apple-darwin resolved graph including build dependencies
Cargo,base64,0.21.7,MIT OR Apache-2.0,LICENSE-APACHE; LICENSE-MIT,aarch64-apple-darwin resolved graph including build dependencies
Cargo,base64,0.22.1,MIT OR Apache-2.0,LICENSE-APACHE; LICENSE-MIT,aarch64-apple-darwin resolved graph including build dependencies
Cargo,bit-set,0.8.0,Apache-2.0 OR MIT,LICENSE-APACHE; LICENSE-MIT,aarch64-apple-darwin resolved graph including build dependencies
Cargo,bit-vec,0.8.0,Apache-2.0 OR MIT,LICENSE-APACHE; LICENSE-MIT,aarch64-apple-darwin resolved graph including build dependencies
Cargo,bitflags,1.3.2,MIT/Apache-2.0,LICENSE-APACHE; LICENSE-MIT,aarch64-apple-darwin resolved graph including build dependencies
Cargo,bitflags,2.13.1,MIT OR Apache-2.0,LICENSE-APACHE; LICENSE-MIT,aarch64-apple-darwin resolved graph including build dependencies
Cargo,block-buffer,0.10.4,MIT OR Apache-2.0,LICENSE-APACHE; LICENSE-MIT,aarch64-apple-darwin resolved graph including build dependencies
Cargo,block2,0.6.2,MIT,,aarch64-apple-darwin resolved graph including build dependencies
Cargo,brotli,8.0.4,BSD-3-Clause AND MIT,LICENSE.BSD-3-Clause; LICENSE.MIT,aarch64-apple-darwin resolved graph including build dependencies
Cargo,brotli-decompressor,5.0.3,BSD-3-Clause/MIT,LICENSE,aarch64-apple-darwin resolved graph including build dependencies
Cargo,bs58,0.5.1,MIT/Apache-2.0,LICENSE-APACHE; LICENSE-MIT,aarch64-apple-darwin resolved graph including build dependencies
Cargo,byteorder,1.5.0,Unlicense OR MIT,COPYING; LICENSE-MIT,aarch64-apple-darwin resolved graph including build dependencies
Cargo,bytes,1.12.1,MIT,LICENSE,aarch64-apple-darwin resolved graph including build dependencies
Cargo,camino,1.2.5,MIT OR Apache-2.0,LICENSE-APACHE; LICENSE-MIT,aarch64-apple-darwin resolved graph including build dependencies
Cargo,cargo-platform,0.1.9,MIT OR Apache-2.0,LICENSE-APACHE; LICENSE-MIT,aarch64-apple-darwin resolved graph including build dependencies
Cargo,cargo_metadata,0.19.2,MIT,LICENSE-MIT,aarch64-apple-darwin resolved graph including build dependencies
Cargo,cargo_toml,0.22.3,Apache-2.0 OR MIT,LICENSE,aarch64-apple-darwin resolved graph including build dependencies
Cargo,cc,1.4.4,MIT OR Apache-2.0,LICENSE-APACHE; LICENSE-MIT,aarch64-apple-darwin resolved graph including build dependencies
Cargo,cfb,0.7.3,MIT,LICENSE,aarch64-apple-darwin resolved graph including build dependencies
Cargo,cfg-if,1.0.4,MIT OR Apache-2.0,LICENSE-APACHE; LICENSE-MIT,aarch64-apple-darwin resolved graph including build dependencies
Cargo,chrono,0.4.45,MIT OR Apache-2.0,LICENSE.txt,aarch64-apple-darwin resolved graph including build dependencies
Cargo,cookie,0.18.2,MIT OR Apache-2.0,LICENSE-APACHE; LICENSE-MIT,aarch64-apple-darwin resolved graph including build dependencies
Cargo,core-foundation,0.10.1,MIT OR Apache-2.0,LICENSE-APACHE; LICENSE-MIT,aarch64-apple-darwin resolved graph including build dependencies
Cargo,core-foundation-sys,0.8.7,MIT OR Apache-2.0,LICENSE-APACHE; LICENSE-MIT,aarch64-apple-darwin resolved graph including build dependencies
Cargo,core-graphics,0.25.0,MIT OR Apache-2.0,LICENSE-APACHE; LICENSE-MIT,aarch64-apple-darwin resolved graph including build dependencies
Cargo,core-graphics-types,0.2.0,MIT OR Apache-2.0,LICENSE-APACHE; LICENSE-MIT,aarch64-apple-darwin resolved graph including build dependencies
Cargo,cpufeatures,0.2.17,MIT OR Apache-2.0,LICENSE-APACHE; LICENSE-MIT,aarch64-apple-darwin resolved graph including build dependencies
Cargo,crc32fast,1.5.1,MIT OR Apache-2.0,LICENSE-APACHE; LICENSE-MIT,aarch64-apple-darwin resolved graph including build dependencies
Cargo,crossbeam-channel,0.5.16,MIT OR Apache-2.0,LICENSE-APACHE; LICENSE-MIT; LICENSE-THIRD-PARTY,aarch64-apple-darwin resolved graph including build dependencies
Cargo,crossbeam-utils,0.8.22,MIT OR Apache-2.0,LICENSE-APACHE; LICENSE-MIT,aarch64-apple-darwin resolved graph including build dependencies
Cargo,crypto-common,0.1.7,MIT OR Apache-2.0,LICENSE-APACHE; LICENSE-MIT,aarch64-apple-darwin resolved graph including build dependencies
Cargo,cssparser,0.36.0,MPL-2.0,LICENSE,aarch64-apple-darwin resolved graph including build dependencies
Cargo,cssparser-macros,0.6.1,MPL-2.0,LICENSE,aarch64-apple-darwin resolved graph including build dependencies
Cargo,ctor,0.8.0,Apache-2.0 OR MIT,LICENSE-APACHE; LICENSE-MIT,aarch64-apple-darwin resolved graph including build dependencies
Cargo,ctor-proc-macro,0.0.7,Apache-2.0 OR MIT,LICENSE-APACHE; LICENSE-MIT,aarch64-apple-darwin resolved graph including build dependencies
Cargo,darling,0.23.0,MIT,LICENSE,aarch64-apple-darwin resolved graph including build dependencies
Cargo,darling_core,0.23.0,MIT,LICENSE,aarch64-apple-darwin resolved graph including build dependencies
Cargo,darling_macro,0.23.0,MIT,LICENSE,aarch64-apple-darwin resolved graph including build dependencies
Cargo,defmt,1.1.1,MIT OR Apache-2.0,LICENSE-APACHE; LICENSE-MIT,aarch64-apple-darwin resolved graph including build dependencies
Cargo,defmt-macros,1.1.1,MIT OR Apache-2.0,LICENSE-APACHE; LICENSE-MIT,aarch64-apple-darwin resolved graph including build dependencies
Cargo,defmt-parser,1.0.0,MIT OR Apache-2.0,,aarch64-apple-darwin resolved graph including build dependencies
Cargo,deranged,0.5.8,MIT OR Apache-2.0,LICENSE-Apache; LICENSE-MIT,aarch64-apple-darwin resolved graph including build dependencies
Cargo,derive_more,2.1.1,MIT,LICENSE,aarch64-apple-darwin resolved graph including build dependencies
Cargo,derive_more-impl,2.1.1,MIT,LICENSE,aarch64-apple-darwin resolved graph including build dependencies
Cargo,digest,0.10.7,MIT OR Apache-2.0,LICENSE-APACHE; LICENSE-MIT,aarch64-apple-darwin resolved graph including build dependencies
Cargo,dirs,4.0.0,MIT OR Apache-2.0,LICENSE-APACHE; LICENSE-MIT,aarch64-apple-darwin resolved graph including build dependencies
Cargo,dirs,6.0.0,MIT OR Apache-2.0,LICENSE-APACHE; LICENSE-MIT,aarch64-apple-darwin resolved graph including build dependencies
Cargo,dirs-sys,0.3.7,MIT OR Apache-2.0,LICENSE-APACHE; LICENSE-MIT,aarch64-apple-darwin resolved graph including build dependencies
Cargo,dirs-sys,0.5.0,MIT OR Apache-2.0,LICENSE-APACHE; LICENSE-MIT,aarch64-apple-darwin resolved graph including build dependencies
Cargo,dispatch2,0.3.1,Zlib OR Apache-2.0 OR MIT,,aarch64-apple-darwin resolved graph including build dependencies
Cargo,displaydoc,0.2.7,MIT OR Apache-2.0,LICENSE-APACHE; LICENSE-MIT,aarch64-apple-darwin resolved graph including build dependencies
Cargo,dom_query,0.27.0,MIT,LICENSE,aarch64-apple-darwin resolved graph including build dependencies
Cargo,dpi,0.1.2,Apache-2.0 AND MIT,LICENSE; LICENSE-LIBM-MIT,aarch64-apple-darwin resolved graph including build dependencies
Cargo,dtoa,1.0.11,MIT OR Apache-2.0,LICENSE-APACHE; LICENSE-MIT,aarch64-apple-darwin resolved graph including build dependencies
Cargo,dtoa-short,0.3.5,MPL-2.0,LICENSE,aarch64-apple-darwin resolved graph including build dependencies
Cargo,dtor,0.3.0,Apache-2.0 OR MIT,LICENSE-APACHE; LICENSE-MIT,aarch64-apple-darwin resolved graph including build dependencies
Cargo,dtor-proc-macro,0.0.6,Apache-2.0 OR MIT,LICENSE-APACHE; LICENSE-MIT,aarch64-apple-darwin resolved graph including build dependencies
Cargo,dunce,1.0.5,CC0-1.0 OR MIT-0 OR Apache-2.0,LICENSE,aarch64-apple-darwin resolved graph including build dependencies
Cargo,dyn-clone,1.0.20,MIT OR Apache-2.0,LICENSE-APACHE; LICENSE-MIT,aarch64-apple-darwin resolved graph including build dependencies
Cargo,embed-resource,3.0.11,MIT,LICENSE,aarch64-apple-darwin resolved graph including build dependencies
Cargo,embed_plist,1.2.2,MIT OR Apache-2.0,LICENSE-APACHE; LICENSE-MIT,aarch64-apple-darwin resolved graph including build dependencies
Cargo,equivalent,1.0.2,Apache-2.0 OR MIT,LICENSE-APACHE; LICENSE-MIT,aarch64-apple-darwin resolved graph including build dependencies
Cargo,erased-serde,0.4.10,MIT OR Apache-2.0,LICENSE-APACHE; LICENSE-MIT,aarch64-apple-darwin resolved graph including build dependencies
Cargo,fallible-iterator,0.3.0,MIT/Apache-2.0,LICENSE-APACHE; LICENSE-MIT,aarch64-apple-darwin resolved graph including build dependencies
Cargo,fallible-streaming-iterator,0.1.9,MIT/Apache-2.0,LICENSE-APACHE; LICENSE-MIT,aarch64-apple-darwin resolved graph including build dependencies
Cargo,fastrand,2.5.0,Apache-2.0 OR MIT,LICENSE-APACHE; LICENSE-MIT,aarch64-apple-darwin resolved graph including build dependencies
Cargo,fdeflate,0.3.7,MIT OR Apache-2.0,LICENSE-APACHE; LICENSE-MIT,aarch64-apple-darwin resolved graph including build dependencies
Cargo,find-msvc-tools,0.1.11,MIT OR Apache-2.0,LICENSE-APACHE; LICENSE-MIT,aarch64-apple-darwin resolved graph including build dependencies
Cargo,flate2,1.1.10,MIT OR Apache-2.0,LICENSE-APACHE; LICENSE-MIT,aarch64-apple-darwin resolved graph including build dependencies
Cargo,fnv,1.0.7,Apache-2.0 / MIT,LICENSE-APACHE; LICENSE-MIT,aarch64-apple-darwin resolved graph including build dependencies
Cargo,foldhash,0.1.5,Zlib,LICENSE,aarch64-apple-darwin resolved graph including build dependencies
Cargo,foldhash,0.2.0,Zlib,LICENSE,aarch64-apple-darwin resolved graph including build dependencies
Cargo,foreign-types,0.5.0,MIT/Apache-2.0,LICENSE-APACHE; LICENSE-MIT,aarch64-apple-darwin resolved graph including build dependencies
Cargo,foreign-types-macros,0.2.4,MIT/Apache-2.0,LICENSE-APACHE; LICENSE-MIT,aarch64-apple-darwin resolved graph including build dependencies
Cargo,foreign-types-shared,0.3.1,MIT/Apache-2.0,LICENSE-APACHE; LICENSE-MIT,aarch64-apple-darwin resolved graph including build dependencies
Cargo,form_urlencoded,1.2.2,MIT OR Apache-2.0,LICENSE-APACHE; LICENSE-MIT,aarch64-apple-darwin resolved graph including build dependencies
Cargo,generic-array,0.14.7,MIT,LICENSE,aarch64-apple-darwin resolved graph including build dependencies
Cargo,getrandom,0.3.4,MIT OR Apache-2.0,LICENSE-APACHE; LICENSE-MIT,aarch64-apple-darwin resolved graph including build dependencies
Cargo,getrandom,0.4.3,MIT OR Apache-2.0,LICENSE-APACHE; LICENSE-MIT,aarch64-apple-darwin resolved graph including build dependencies
Cargo,glob,0.3.4,MIT OR Apache-2.0,LICENSE-APACHE; LICENSE-MIT,aarch64-apple-darwin resolved graph including build dependencies
Cargo,global-hotkey,0.8.0,Apache-2.0 OR MIT,LICENSE-APACHE; LICENSE-MIT; LICENSE.spdx,aarch64-apple-darwin resolved graph including build dependencies
Cargo,hashbrown,0.12.3,MIT OR Apache-2.0,LICENSE-APACHE; LICENSE-MIT,aarch64-apple-darwin resolved graph including build dependencies
Cargo,hashbrown,0.15.5,MIT OR Apache-2.0,LICENSE-APACHE; LICENSE-MIT,aarch64-apple-darwin resolved graph including build dependencies
Cargo,hashbrown,0.17.1,MIT OR Apache-2.0,LICENSE-APACHE; LICENSE-MIT,aarch64-apple-darwin resolved graph including build dependencies
Cargo,hashlink,0.10.0,MIT OR Apache-2.0,LICENSE-APACHE; LICENSE-MIT,aarch64-apple-darwin resolved graph including build dependencies
Cargo,heck,0.5.0,MIT OR Apache-2.0,LICENSE-APACHE; LICENSE-MIT,aarch64-apple-darwin resolved graph including build dependencies
Cargo,hex,0.4.3,MIT OR Apache-2.0,LICENSE-APACHE; LICENSE-MIT,aarch64-apple-darwin resolved graph including build dependencies
Cargo,html5ever,0.38.0,MIT OR Apache-2.0,LICENSE-APACHE; LICENSE-MIT,aarch64-apple-darwin resolved graph including build dependencies
Cargo,http,1.5.0,MIT OR Apache-2.0,LICENSE-APACHE; LICENSE-MIT,aarch64-apple-darwin resolved graph including build dependencies
Cargo,iana-time-zone,0.1.65,MIT OR Apache-2.0,LICENSE-APACHE; LICENSE-MIT,aarch64-apple-darwin resolved graph including build dependencies
Cargo,ico,0.5.0,MIT,LICENSE,aarch64-apple-darwin resolved graph including build dependencies
Cargo,icu_collections,2.3.0,Unicode-3.0,LICENSE,aarch64-apple-darwin resolved graph including build dependencies
Cargo,icu_locale_core,2.3.0,Unicode-3.0,LICENSE,aarch64-apple-darwin resolved graph including build dependencies
Cargo,icu_normalizer,2.3.0,Unicode-3.0,LICENSE,aarch64-apple-darwin resolved graph including build dependencies
Cargo,icu_normalizer_data,2.3.0,Unicode-3.0,LICENSE,aarch64-apple-darwin resolved graph including build dependencies
Cargo,icu_properties,2.3.0,Unicode-3.0,LICENSE,aarch64-apple-darwin resolved graph including build dependencies
Cargo,icu_properties_data,2.3.0,Unicode-3.0,LICENSE,aarch64-apple-darwin resolved graph including build dependencies
Cargo,icu_provider,2.3.1,Unicode-3.0,LICENSE,aarch64-apple-darwin resolved graph including build dependencies
Cargo,ident_case,1.0.1,MIT/Apache-2.0,LICENSE,aarch64-apple-darwin resolved graph including build dependencies
Cargo,idna,1.1.0,MIT OR Apache-2.0,LICENSE-APACHE; LICENSE-MIT,aarch64-apple-darwin resolved graph including build dependencies
Cargo,idna_adapter,1.2.2,Apache-2.0 OR MIT,LICENSE-APACHE; LICENSE-MIT,aarch64-apple-darwin resolved graph including build dependencies
Cargo,indexmap,1.9.3,Apache-2.0 OR MIT,LICENSE-APACHE; LICENSE-MIT,aarch64-apple-darwin resolved graph including build dependencies
Cargo,indexmap,2.14.1,Apache-2.0 OR MIT,LICENSE-APACHE; LICENSE-MIT,aarch64-apple-darwin resolved graph including build dependencies
Cargo,infer,0.19.0,MIT,LICENSE,aarch64-apple-darwin resolved graph including build dependencies
Cargo,itoa,1.0.18,MIT OR Apache-2.0,LICENSE-APACHE; LICENSE-MIT,aarch64-apple-darwin resolved graph including build dependencies
Cargo,jiff,0.2.35,Unlicense OR MIT,COPYING; LICENSE-MIT,aarch64-apple-darwin resolved graph including build dependencies
Cargo,jiff-core,0.1.0,Unlicense OR MIT,COPYING; LICENSE-MIT,aarch64-apple-darwin resolved graph including build dependencies
Cargo,json-patch,3.0.1,MIT/Apache-2.0,LICENSE-APACHE; LICENSE-MIT,aarch64-apple-darwin resolved graph including build dependencies
Cargo,jsonptr,0.6.3,MIT OR Apache-2.0,LICENSE-APACHE; LICENSE-MIT,aarch64-apple-darwin resolved graph including build dependencies
Cargo,keyboard-types,0.7.0,MIT OR Apache-2.0,LICENSE-APACHE; LICENSE-MIT,aarch64-apple-darwin resolved graph including build dependencies
Cargo,libc,0.2.189,MIT OR Apache-2.0,LICENSE-APACHE; LICENSE-MIT,aarch64-apple-darwin resolved graph including build dependencies
Cargo,libsqlite3-sys,0.35.0,MIT,LICENSE,aarch64-apple-darwin resolved graph including build dependencies
Cargo,litemap,0.8.3,Unicode-3.0,LICENSE,aarch64-apple-darwin resolved graph including build dependencies
Cargo,lock_api,0.4.14,MIT OR Apache-2.0,LICENSE-APACHE; LICENSE-MIT,aarch64-apple-darwin resolved graph including build dependencies
Cargo,log,0.4.34,MIT OR Apache-2.0,LICENSE-APACHE; LICENSE-MIT,aarch64-apple-darwin resolved graph including build dependencies
Cargo,markup5ever,0.38.0,MIT OR Apache-2.0,LICENSE-APACHE; LICENSE-MIT,aarch64-apple-darwin resolved graph including build dependencies
Cargo,memchr,2.8.3,Unlicense OR MIT,COPYING; LICENSE-MIT,aarch64-apple-darwin resolved graph including build dependencies
Cargo,mime,0.3.17,MIT OR Apache-2.0,LICENSE-APACHE; LICENSE-MIT,aarch64-apple-darwin resolved graph including build dependencies
Cargo,miniz_oxide,0.8.9,MIT OR Zlib OR Apache-2.0,LICENSE; LICENSE-APACHE.md; LICENSE-MIT.md; LICENSE-ZLIB.md,aarch64-apple-darwin resolved graph including build dependencies
Cargo,miniz_oxide,0.9.1,MIT OR Zlib OR Apache-2.0,LICENSE; LICENSE-APACHE.md; LICENSE-MIT.md; LICENSE-ZLIB.md,aarch64-apple-darwin resolved graph including build dependencies
Cargo,mio,1.2.2,MIT,LICENSE,aarch64-apple-darwin resolved graph including build dependencies
Cargo,muda,0.19.3,Apache-2.0 OR MIT,LICENSE-APACHE; LICENSE-MIT; LICENSE.spdx,aarch64-apple-darwin resolved graph including build dependencies
Cargo,new_debug_unreachable,1.0.6,MIT,LICENSE-MIT,aarch64-apple-darwin resolved graph including build dependencies
Cargo,num-conv,0.2.2,MIT OR Apache-2.0,LICENSE-Apache; LICENSE-MIT,aarch64-apple-darwin resolved graph including build dependencies
Cargo,num-traits,0.2.19,MIT OR Apache-2.0,LICENSE-APACHE; LICENSE-MIT,aarch64-apple-darwin resolved graph including build dependencies
Cargo,objc2,0.6.4,MIT,,aarch64-apple-darwin resolved graph including build dependencies
Cargo,objc2-app-kit,0.3.2,Zlib OR Apache-2.0 OR MIT,,aarch64-apple-darwin resolved graph including build dependencies
Cargo,objc2-cloud-kit,0.3.2,Zlib OR Apache-2.0 OR MIT,,aarch64-apple-darwin resolved graph including build dependencies
Cargo,objc2-core-data,0.3.2,Zlib OR Apache-2.0 OR MIT,,aarch64-apple-darwin resolved graph including build dependencies
Cargo,objc2-core-foundation,0.3.2,Zlib OR Apache-2.0 OR MIT,,aarch64-apple-darwin resolved graph including build dependencies
Cargo,objc2-core-graphics,0.3.2,Zlib OR Apache-2.0 OR MIT,,aarch64-apple-darwin resolved graph including build dependencies
Cargo,objc2-core-image,0.3.2,Zlib OR Apache-2.0 OR MIT,,aarch64-apple-darwin resolved graph including build dependencies
Cargo,objc2-core-location,0.3.2,Zlib OR Apache-2.0 OR MIT,,aarch64-apple-darwin resolved graph including build dependencies
Cargo,objc2-core-text,0.3.2,Zlib OR Apache-2.0 OR MIT,,aarch64-apple-darwin resolved graph including build dependencies
Cargo,objc2-core-video,0.3.2,Zlib OR Apache-2.0 OR MIT,,aarch64-apple-darwin resolved graph including build dependencies
Cargo,objc2-encode,4.1.0,MIT,,aarch64-apple-darwin resolved graph including build dependencies
Cargo,objc2-exception-helper,0.1.1,Zlib OR Apache-2.0 OR MIT,,aarch64-apple-darwin resolved graph including build dependencies
Cargo,objc2-foundation,0.3.2,MIT,,aarch64-apple-darwin resolved graph including build dependencies
Cargo,objc2-io-surface,0.3.2,Zlib OR Apache-2.0 OR MIT,,aarch64-apple-darwin resolved graph including build dependencies
Cargo,objc2-quartz-core,0.3.2,Zlib OR Apache-2.0 OR MIT,,aarch64-apple-darwin resolved graph including build dependencies
Cargo,objc2-user-notifications,0.3.2,Zlib OR Apache-2.0 OR MIT,,aarch64-apple-darwin resolved graph including build dependencies
Cargo,objc2-web-kit,0.3.2,Zlib OR Apache-2.0 OR MIT,,aarch64-apple-darwin resolved graph including build dependencies
Cargo,once_cell,1.21.4,MIT OR Apache-2.0,LICENSE-APACHE; LICENSE-MIT,aarch64-apple-darwin resolved graph including build dependencies
Cargo,option-ext,0.2.0,MPL-2.0,LICENSE.txt,aarch64-apple-darwin resolved graph including build dependencies
Cargo,parking_lot,0.12.5,MIT OR Apache-2.0,LICENSE-APACHE; LICENSE-MIT,aarch64-apple-darwin resolved graph including build dependencies
Cargo,parking_lot_core,0.9.12,MIT OR Apache-2.0,LICENSE-APACHE; LICENSE-MIT,aarch64-apple-darwin resolved graph including build dependencies
Cargo,percent-encoding,2.3.2,MIT OR Apache-2.0,LICENSE-APACHE; LICENSE-MIT,aarch64-apple-darwin resolved graph including build dependencies
Cargo,phf,0.13.1,MIT,LICENSE,aarch64-apple-darwin resolved graph including build dependencies
Cargo,phf_codegen,0.13.1,MIT,LICENSE,aarch64-apple-darwin resolved graph including build dependencies
Cargo,phf_generator,0.13.1,MIT,LICENSE,aarch64-apple-darwin resolved graph including build dependencies
Cargo,phf_macros,0.13.1,MIT,LICENSE,aarch64-apple-darwin resolved graph including build dependencies
Cargo,phf_shared,0.13.1,MIT,LICENSE,aarch64-apple-darwin resolved graph including build dependencies
Cargo,pin-project-lite,0.2.17,Apache-2.0 OR MIT,LICENSE-APACHE; LICENSE-MIT,aarch64-apple-darwin resolved graph including build dependencies
Cargo,pkg-config,0.3.34,MIT OR Apache-2.0,LICENSE-APACHE; LICENSE-MIT,aarch64-apple-darwin resolved graph including build dependencies
Cargo,plist,1.10.0,MIT,LICENCE,aarch64-apple-darwin resolved graph including build dependencies
Cargo,png,0.17.16,MIT OR Apache-2.0,LICENSE-APACHE; LICENSE-MIT,aarch64-apple-darwin resolved graph including build dependencies
Cargo,png,0.18.1,MIT OR Apache-2.0,LICENSE-APACHE; LICENSE-MIT,aarch64-apple-darwin resolved graph including build dependencies
Cargo,potential_utf,0.1.6,Unicode-3.0,LICENSE,aarch64-apple-darwin resolved graph including build dependencies
Cargo,powerfmt,0.2.0,MIT OR Apache-2.0,LICENSE-Apache; LICENSE-MIT,aarch64-apple-darwin resolved graph including build dependencies
Cargo,precomputed-hash,0.1.1,MIT,LICENSE,aarch64-apple-darwin resolved graph including build dependencies
Cargo,proc-macro2,1.0.107,MIT OR Apache-2.0,LICENSE-APACHE; LICENSE-MIT,aarch64-apple-darwin resolved graph including build dependencies
Cargo,quick-xml,0.41.0,MIT,LICENSE-MIT.md,aarch64-apple-darwin resolved graph including build dependencies
Cargo,quote,1.0.47,MIT OR Apache-2.0,LICENSE-APACHE; LICENSE-MIT,aarch64-apple-darwin resolved graph including build dependencies
Cargo,raw-window-handle,0.6.2,MIT OR Apache-2.0 OR Zlib,LICENSE-APACHE.md; LICENSE-MIT.md; LICENSE-ZLIB.md,aarch64-apple-darwin resolved graph including build dependencies
Cargo,ref-cast,1.0.27,MIT OR Apache-2.0,LICENSE-APACHE; LICENSE-MIT,aarch64-apple-darwin resolved graph including build dependencies
Cargo,ref-cast-impl,1.0.27,MIT OR Apache-2.0,LICENSE-APACHE; LICENSE-MIT,aarch64-apple-darwin resolved graph including build dependencies
Cargo,regex,1.13.1,MIT OR Apache-2.0,LICENSE-APACHE; LICENSE-MIT,aarch64-apple-darwin resolved graph including build dependencies
Cargo,regex-automata,0.4.18,MIT OR Apache-2.0,LICENSE-APACHE; LICENSE-MIT,aarch64-apple-darwin resolved graph including build dependencies
Cargo,regex-syntax,0.8.11,MIT OR Apache-2.0,LICENSE-APACHE; LICENSE-MIT,aarch64-apple-darwin resolved graph including build dependencies
Cargo,rusqlite,0.37.0,MIT,LICENSE,aarch64-apple-darwin resolved graph including build dependencies
Cargo,rustc-hash,2.1.3,Apache-2.0 OR MIT,LICENSE-APACHE; LICENSE-MIT,aarch64-apple-darwin resolved graph including build dependencies
Cargo,rustc_version,0.4.1,MIT OR Apache-2.0,LICENSE-APACHE; LICENSE-MIT,aarch64-apple-darwin resolved graph including build dependencies
Cargo,same-file,1.0.6,Unlicense/MIT,COPYING; LICENSE-MIT,aarch64-apple-darwin resolved graph including build dependencies
Cargo,schemars,0.8.22,MIT,LICENSE,aarch64-apple-darwin resolved graph including build dependencies
Cargo,schemars,0.9.0,MIT,LICENSE,aarch64-apple-darwin resolved graph including build dependencies
Cargo,schemars,1.2.2,MIT,LICENSE,aarch64-apple-darwin resolved graph including build dependencies
Cargo,schemars_derive,0.8.22,MIT,LICENSE,aarch64-apple-darwin resolved graph including build dependencies
Cargo,scopeguard,1.2.0,MIT OR Apache-2.0,LICENSE-APACHE; LICENSE-MIT,aarch64-apple-darwin resolved graph including build dependencies
Cargo,selectors,0.36.1,MPL-2.0,,aarch64-apple-darwin resolved graph including build dependencies
Cargo,semver,1.0.28,MIT OR Apache-2.0,LICENSE-APACHE; LICENSE-MIT,aarch64-apple-darwin resolved graph including build dependencies
Cargo,serde,1.0.229,MIT OR Apache-2.0,LICENSE-APACHE; LICENSE-MIT,aarch64-apple-darwin resolved graph including build dependencies
Cargo,serde-untagged,0.1.9,MIT OR Apache-2.0,LICENSE-APACHE; LICENSE-MIT,aarch64-apple-darwin resolved graph including build dependencies
Cargo,serde_core,1.0.229,MIT OR Apache-2.0,LICENSE-APACHE; LICENSE-MIT,aarch64-apple-darwin resolved graph including build dependencies
Cargo,serde_derive,1.0.229,MIT OR Apache-2.0,LICENSE-APACHE; LICENSE-MIT,aarch64-apple-darwin resolved graph including build dependencies
Cargo,serde_derive_internals,0.29.1,MIT OR Apache-2.0,LICENSE-APACHE; LICENSE-MIT,aarch64-apple-darwin resolved graph including build dependencies
Cargo,serde_json,1.0.151,MIT OR Apache-2.0,LICENSE-APACHE; LICENSE-MIT,aarch64-apple-darwin resolved graph including build dependencies
Cargo,serde_repr,0.1.21,MIT OR Apache-2.0,LICENSE-APACHE; LICENSE-MIT,aarch64-apple-darwin resolved graph including build dependencies
Cargo,serde_spanned,1.1.1,MIT OR Apache-2.0,LICENSE-APACHE; LICENSE-MIT,aarch64-apple-darwin resolved graph including build dependencies
Cargo,serde_with,3.22.0,MIT OR Apache-2.0,LICENSE-APACHE; LICENSE-MIT,aarch64-apple-darwin resolved graph including build dependencies
Cargo,serde_with_macros,3.22.0,MIT OR Apache-2.0,LICENSE-APACHE; LICENSE-MIT,aarch64-apple-darwin resolved graph including build dependencies
Cargo,serialize-to-javascript,0.1.2,MIT OR Apache-2.0,LICENSE-APACHE; LICENSE-MIT,aarch64-apple-darwin resolved graph including build dependencies
Cargo,serialize-to-javascript-impl,0.1.2,MIT OR Apache-2.0,LICENSE-APACHE; LICENSE-MIT,aarch64-apple-darwin resolved graph including build dependencies
Cargo,servo_arc,0.4.3,MIT OR Apache-2.0,LICENSE-APACHE; LICENSE-MIT,aarch64-apple-darwin resolved graph including build dependencies
Cargo,sha2,0.10.9,MIT OR Apache-2.0,LICENSE-APACHE; LICENSE-MIT,aarch64-apple-darwin resolved graph including build dependencies
Cargo,shlex,2.0.1,MIT OR Apache-2.0,LICENSE-APACHE; LICENSE-MIT,aarch64-apple-darwin resolved graph including build dependencies
Cargo,simd-adler32,0.3.10,MIT,LICENSE.md,aarch64-apple-darwin resolved graph including build dependencies
Cargo,siphasher,1.0.3,MIT/Apache-2.0,COPYING,aarch64-apple-darwin resolved graph including build dependencies
Cargo,smallvec,1.15.2,MIT OR Apache-2.0,LICENSE-APACHE; LICENSE-MIT,aarch64-apple-darwin resolved graph including build dependencies
Cargo,socket2,0.6.5,MIT OR Apache-2.0,LICENSE-APACHE; LICENSE-MIT,aarch64-apple-darwin resolved graph including build dependencies
Cargo,stable_deref_trait,1.2.1,MIT OR Apache-2.0,LICENSE-APACHE; LICENSE-MIT,aarch64-apple-darwin resolved graph including build dependencies
Cargo,string_cache,0.9.0,MIT OR Apache-2.0,LICENSE-APACHE; LICENSE-MIT,aarch64-apple-darwin resolved graph including build dependencies
Cargo,string_cache_codegen,0.6.1,MIT OR Apache-2.0,LICENSE-APACHE; LICENSE-MIT,aarch64-apple-darwin resolved graph including build dependencies
Cargo,strsim,0.11.1,MIT,LICENSE,aarch64-apple-darwin resolved graph including build dependencies
Cargo,swift-rs,1.0.8,MIT OR Apache-2.0,LICENSE-APACHE; LICENSE-MIT,aarch64-apple-darwin resolved graph including build dependencies
Cargo,syn,2.0.119,MIT OR Apache-2.0,LICENSE-APACHE; LICENSE-MIT,aarch64-apple-darwin resolved graph including build dependencies
Cargo,syn,3.0.4,MIT OR Apache-2.0,LICENSE-APACHE; LICENSE-MIT,aarch64-apple-darwin resolved graph including build dependencies
Cargo,synstructure,0.13.2,MIT,LICENSE,aarch64-apple-darwin resolved graph including build dependencies
Cargo,tao,0.35.3,Apache-2.0,LICENSE; LICENSE.spdx,aarch64-apple-darwin resolved graph including build dependencies
Cargo,tauri,2.11.6,Apache-2.0 OR MIT,LICENSE_APACHE-2.0; LICENSE_MIT,aarch64-apple-darwin resolved graph including build dependencies
Cargo,tauri-build,2.6.3,Apache-2.0 OR MIT,LICENSE_APACHE-2.0; LICENSE_MIT,aarch64-apple-darwin resolved graph including build dependencies
Cargo,tauri-codegen,2.6.3,Apache-2.0 OR MIT,LICENSE_APACHE-2.0; LICENSE_MIT,aarch64-apple-darwin resolved graph including build dependencies
Cargo,tauri-macros,2.6.3,Apache-2.0 OR MIT,LICENSE_APACHE-2.0; LICENSE_MIT,aarch64-apple-darwin resolved graph including build dependencies
Cargo,tauri-plugin,2.6.3,Apache-2.0 OR MIT,,aarch64-apple-darwin resolved graph including build dependencies
Cargo,tauri-plugin-autostart,2.5.1,Apache-2.0 OR MIT,LICENSE.spdx; LICENSE_APACHE-2.0; LICENSE_MIT,aarch64-apple-darwin resolved graph including build dependencies
Cargo,tauri-plugin-global-shortcut,2.3.2,Apache-2.0 OR MIT,LICENSE.spdx; LICENSE_APACHE-2.0; LICENSE_MIT,aarch64-apple-darwin resolved graph including build dependencies
Cargo,tauri-plugin-single-instance,2.4.4,Apache-2.0 OR MIT,LICENSE.spdx; LICENSE_APACHE-2.0; LICENSE_MIT,aarch64-apple-darwin resolved graph including build dependencies
Cargo,tauri-runtime,2.11.3,Apache-2.0 OR MIT,LICENSE_APACHE-2.0; LICENSE_MIT,aarch64-apple-darwin resolved graph including build dependencies
Cargo,tauri-runtime-wry,2.11.4,Apache-2.0 OR MIT,LICENSE_APACHE-2.0; LICENSE_MIT,aarch64-apple-darwin resolved graph including build dependencies
Cargo,tauri-utils,2.9.3,Apache-2.0 OR MIT,LICENSE_APACHE-2.0; LICENSE_MIT,aarch64-apple-darwin resolved graph including build dependencies
Cargo,tauri-winres,0.3.6,MIT,LICENSE,aarch64-apple-darwin resolved graph including build dependencies
Cargo,tendril,0.5.1,MIT OR Apache-2.0,LICENSE-APACHE; LICENSE-MIT,aarch64-apple-darwin resolved graph including build dependencies
Cargo,thiserror,1.0.69,MIT OR Apache-2.0,LICENSE-APACHE; LICENSE-MIT,aarch64-apple-darwin resolved graph including build dependencies
Cargo,thiserror,2.0.20,MIT OR Apache-2.0,LICENSE-APACHE; LICENSE-MIT,aarch64-apple-darwin resolved graph including build dependencies
Cargo,thiserror-impl,1.0.69,MIT OR Apache-2.0,LICENSE-APACHE; LICENSE-MIT,aarch64-apple-darwin resolved graph including build dependencies
Cargo,thiserror-impl,2.0.20,MIT OR Apache-2.0,LICENSE-APACHE; LICENSE-MIT,aarch64-apple-darwin resolved graph including build dependencies
Cargo,time,0.3.55,MIT OR Apache-2.0,LICENSE-Apache; LICENSE-MIT,aarch64-apple-darwin resolved graph including build dependencies
Cargo,time-core,0.1.9,MIT OR Apache-2.0,LICENSE-Apache; LICENSE-MIT,aarch64-apple-darwin resolved graph including build dependencies
Cargo,time-macros,0.2.32,MIT OR Apache-2.0,LICENSE-Apache; LICENSE-MIT,aarch64-apple-darwin resolved graph including build dependencies
Cargo,tinystr,0.8.4,Unicode-3.0,LICENSE,aarch64-apple-darwin resolved graph including build dependencies
Cargo,tinyvec,1.12.0,Zlib OR Apache-2.0 OR MIT,LICENSE-APACHE.md; LICENSE-MIT.md; LICENSE-ZLIB.md,aarch64-apple-darwin resolved graph including build dependencies
Cargo,tinyvec_macros,0.1.1,MIT OR Apache-2.0 OR Zlib,LICENSE-APACHE.md; LICENSE-MIT.md; LICENSE-ZLIB.md,aarch64-apple-darwin resolved graph including build dependencies
Cargo,tokio,1.53.1,MIT,LICENSE,aarch64-apple-darwin resolved graph including build dependencies
Cargo,toml,0.9.12+spec-1.1.0,MIT OR Apache-2.0,LICENSE-APACHE; LICENSE-MIT,aarch64-apple-darwin resolved graph including build dependencies
Cargo,toml,1.1.4+spec-1.1.0,MIT OR Apache-2.0,LICENSE-APACHE; LICENSE-MIT,aarch64-apple-darwin resolved graph including build dependencies
Cargo,toml_datetime,0.7.5+spec-1.1.0,MIT OR Apache-2.0,LICENSE-APACHE; LICENSE-MIT,aarch64-apple-darwin resolved graph including build dependencies
Cargo,toml_datetime,1.1.1+spec-1.1.0,MIT OR Apache-2.0,LICENSE-APACHE; LICENSE-MIT,aarch64-apple-darwin resolved graph including build dependencies
Cargo,toml_parser,1.1.3+spec-1.1.0,MIT OR Apache-2.0,LICENSE-APACHE; LICENSE-MIT,aarch64-apple-darwin resolved graph including build dependencies
Cargo,toml_writer,1.1.2+spec-1.1.0,MIT OR Apache-2.0,LICENSE-APACHE; LICENSE-MIT,aarch64-apple-darwin resolved graph including build dependencies
Cargo,tracing,0.1.44,MIT,LICENSE,aarch64-apple-darwin resolved graph including build dependencies
Cargo,tracing-attributes,0.1.31,MIT,LICENSE,aarch64-apple-darwin resolved graph including build dependencies
Cargo,tracing-core,0.1.36,MIT,LICENSE,aarch64-apple-darwin resolved graph including build dependencies
Cargo,tray-icon,0.24.2,MIT OR Apache-2.0,LICENSE-APACHE; LICENSE-MIT; LICENSE.spdx,aarch64-apple-darwin resolved graph including build dependencies
Cargo,typeid,1.0.3,MIT OR Apache-2.0,LICENSE-APACHE; LICENSE-MIT,aarch64-apple-darwin resolved graph including build dependencies
Cargo,typenum,1.20.1,MIT OR Apache-2.0,LICENSE; LICENSE-APACHE; LICENSE-MIT,aarch64-apple-darwin resolved graph including build dependencies
Cargo,unic-char-property,0.9.0,MIT/Apache-2.0,,aarch64-apple-darwin resolved graph including build dependencies
Cargo,unic-char-range,0.9.0,MIT/Apache-2.0,,aarch64-apple-darwin resolved graph including build dependencies
Cargo,unic-common,0.9.0,MIT/Apache-2.0,,aarch64-apple-darwin resolved graph including build dependencies
Cargo,unic-ucd-ident,0.9.0,MIT/Apache-2.0,,aarch64-apple-darwin resolved graph including build dependencies
Cargo,unic-ucd-version,0.9.0,MIT/Apache-2.0,,aarch64-apple-darwin resolved graph including build dependencies
Cargo,unicode-ident,1.0.24,(MIT OR Apache-2.0) AND Unicode-3.0,LICENSE-APACHE; LICENSE-MIT; LICENSE-UNICODE,aarch64-apple-darwin resolved graph including build dependencies
Cargo,unicode-segmentation,1.13.3,MIT OR Apache-2.0,LICENSE-APACHE; LICENSE-MIT,aarch64-apple-darwin resolved graph including build dependencies
Cargo,url,2.5.8,MIT OR Apache-2.0,LICENSE-APACHE; LICENSE-MIT,aarch64-apple-darwin resolved graph including build dependencies
Cargo,urlpattern,0.3.0,MIT,LICENSE,aarch64-apple-darwin resolved graph including build dependencies
Cargo,utf8_iter,1.0.4,Apache-2.0 OR MIT,LICENSE-APACHE; LICENSE-MIT,aarch64-apple-darwin resolved graph including build dependencies
Cargo,uuid,1.26.0,Apache-2.0 OR MIT,LICENSE-APACHE; LICENSE-MIT,aarch64-apple-darwin resolved graph including build dependencies
Cargo,vcpkg,0.2.15,MIT/Apache-2.0,LICENSE-APACHE; LICENSE-MIT,aarch64-apple-darwin resolved graph including build dependencies
Cargo,version_check,0.9.5,MIT/Apache-2.0,LICENSE-APACHE; LICENSE-MIT,aarch64-apple-darwin resolved graph including build dependencies
Cargo,walkdir,2.5.0,Unlicense/MIT,COPYING; LICENSE-MIT,aarch64-apple-darwin resolved graph including build dependencies
Cargo,web_atoms,0.2.6,MIT OR Apache-2.0,LICENSE-APACHE; LICENSE-MIT,aarch64-apple-darwin resolved graph including build dependencies
Cargo,window-vibrancy,0.6.0,Apache-2.0 OR MIT,LICENSE-APACHE; LICENSE-MIT; LICENSE.spdx,aarch64-apple-darwin resolved graph including build dependencies
Cargo,winnow,0.7.15,MIT,LICENSE-MIT,aarch64-apple-darwin resolved graph including build dependencies
Cargo,winnow,1.0.4,MIT,LICENSE-MIT,aarch64-apple-darwin resolved graph including build dependencies
Cargo,writeable,0.6.4,Unicode-3.0,LICENSE,aarch64-apple-darwin resolved graph including build dependencies
Cargo,wry,0.55.1,Apache-2.0 OR MIT,LICENSE-APACHE; LICENSE-MIT; LICENSE.spdx,aarch64-apple-darwin resolved graph including build dependencies
Cargo,yoke,0.8.3,Unicode-3.0,LICENSE,aarch64-apple-darwin resolved graph including build dependencies
Cargo,yoke-derive,0.8.2,Unicode-3.0,LICENSE,aarch64-apple-darwin resolved graph including build dependencies
Cargo,zerofrom,0.1.8,Unicode-3.0,LICENSE,aarch64-apple-darwin resolved graph including build dependencies
Cargo,zerofrom-derive,0.1.7,Unicode-3.0,LICENSE,aarch64-apple-darwin resolved graph including build dependencies
Cargo,zerotrie,0.2.5,Unicode-3.0,LICENSE,aarch64-apple-darwin resolved graph including build dependencies
Cargo,zerovec,0.11.8,Unicode-3.0,LICENSE,aarch64-apple-darwin resolved graph including build dependencies
Cargo,zerovec-derive,0.11.6,Unicode-3.0,LICENSE,aarch64-apple-darwin resolved graph including build dependencies
Cargo,zlib-rs,0.6.7,Zlib,LICENSE,aarch64-apple-darwin resolved graph including build dependencies
Cargo,zmij,1.0.23,MIT,LICENSE-MIT,aarch64-apple-darwin resolved graph including build dependencies
npm,@floating-ui/core,1.8.0,MIT,LICENSE,production dependency graph
npm,@floating-ui/dom,1.8.0,MIT,LICENSE,production dependency graph
npm,@floating-ui/utils,0.2.12,MIT,LICENSE,production dependency graph
npm,@tauri-apps/api,2.11.1,Apache-2.0 OR MIT,LICENSE_APACHE-2.0; LICENSE_MIT,production dependency graph
npm,@tauri-apps/plugin-autostart,2.5.1,MIT OR Apache-2.0,LICENSE.spdx,production dependency graph
npm,@tiptap/core,3.31.3,MIT,LICENSE.md,production dependency graph
npm,@tiptap/extension-blockquote,3.31.3,MIT,LICENSE.md,production dependency graph
npm,@tiptap/extension-bold,3.31.3,MIT,LICENSE.md,production dependency graph
npm,@tiptap/extension-bubble-menu,3.31.3,MIT,LICENSE.md,production dependency graph
npm,@tiptap/extension-bullet-list,3.31.3,MIT,LICENSE.md,production dependency graph
npm,@tiptap/extension-code,3.31.3,MIT,LICENSE.md,production dependency graph
npm,@tiptap/extension-code-block,3.31.3,MIT,LICENSE.md,production dependency graph
npm,@tiptap/extension-document,3.31.3,MIT,LICENSE.md,production dependency graph
npm,@tiptap/extension-dropcursor,3.31.3,MIT,LICENSE.md,production dependency graph
npm,@tiptap/extension-floating-menu,3.31.3,MIT,LICENSE.md,production dependency graph
npm,@tiptap/extension-gapcursor,3.31.3,MIT,LICENSE.md,production dependency graph
npm,@tiptap/extension-hard-break,3.31.3,MIT,LICENSE.md,production dependency graph
npm,@tiptap/extension-heading,3.31.3,MIT,LICENSE.md,production dependency graph
npm,@tiptap/extension-horizontal-rule,3.31.3,MIT,LICENSE.md,production dependency graph
npm,@tiptap/extension-italic,3.31.3,MIT,LICENSE.md,production dependency graph
npm,@tiptap/extension-link,3.31.3,MIT,LICENSE.md,production dependency graph
npm,@tiptap/extension-list,3.31.3,MIT,LICENSE.md,production dependency graph
npm,@tiptap/extension-list-item,3.31.3,MIT,LICENSE.md,production dependency graph
npm,@tiptap/extension-list-keymap,3.31.3,MIT,LICENSE.md,production dependency graph
npm,@tiptap/extension-ordered-list,3.31.3,MIT,LICENSE.md,production dependency graph
npm,@tiptap/extension-paragraph,3.31.3,MIT,LICENSE.md,production dependency graph
npm,@tiptap/extension-strike,3.31.3,MIT,LICENSE.md,production dependency graph
npm,@tiptap/extension-text,3.31.3,MIT,LICENSE.md,production dependency graph
npm,@tiptap/extension-underline,3.31.3,MIT,LICENSE.md,production dependency graph
npm,@tiptap/extension-unique-id,3.31.3,MIT,LICENSE.md,production dependency graph
npm,@tiptap/extensions,3.31.3,MIT,LICENSE.md,production dependency graph
npm,@tiptap/pm,3.31.3,MIT,LICENSE,production dependency graph
npm,@tiptap/react,3.31.3,MIT,LICENSE.md,production dependency graph
npm,@tiptap/starter-kit,3.31.3,MIT,LICENSE.md,production dependency graph
npm,@types/react,19.2.18,MIT,LICENSE,production dependency graph
npm,@types/react-dom,19.2.5,MIT,LICENSE,production dependency graph
npm,@types/use-sync-external-store,0.0.6,MIT,LICENSE,production dependency graph
npm,csstype,3.2.3,MIT,LICENSE,production dependency graph
npm,fast-equals,5.4.2,MIT,LICENSE,production dependency graph
npm,linkifyjs,4.3.3,MIT,LICENSE,production dependency graph
npm,orderedmap,2.1.1,MIT,LICENSE,production dependency graph
npm,prosemirror-changeset,2.4.2,MIT,LICENSE,production dependency graph
npm,prosemirror-commands,1.7.2,MIT,LICENSE,production dependency graph
npm,prosemirror-dropcursor,1.8.3,MIT,LICENSE,production dependency graph
npm,prosemirror-gapcursor,1.4.1,MIT,LICENSE,production dependency graph
npm,prosemirror-history,1.5.0,MIT,LICENSE,production dependency graph
npm,prosemirror-inputrules,1.5.1,MIT,LICENSE,production dependency graph
npm,prosemirror-keymap,1.2.3,MIT,LICENSE,production dependency graph
npm,prosemirror-model,1.25.11,MIT,LICENSE,production dependency graph
npm,prosemirror-schema-list,1.5.1,MIT,LICENSE,production dependency graph
npm,prosemirror-state,1.4.4,MIT,LICENSE,production dependency graph
npm,prosemirror-tables,1.8.5,MIT,LICENSE,production dependency graph
npm,prosemirror-transform,1.12.1,MIT,LICENSE,production dependency graph
npm,prosemirror-view,1.42.3,MIT,LICENSE,production dependency graph
npm,react,19.2.8,MIT,LICENSE,production dependency graph
npm,react-dom,19.2.8,MIT,LICENSE,production dependency graph
npm,rope-sequence,1.3.4,MIT,LICENSE,production dependency graph
npm,scheduler,0.27.0,MIT,LICENSE,production dependency graph
npm,use-sync-external-store,1.6.0,MIT,LICENSE,production dependency graph
npm,uuid,14.0.2,MIT,LICENSE.md,production dependency graph
npm,w3c-keyname,2.2.8,MIT,LICENSE,production dependency graph
